<?xml version="1.0" encoding="UTF-8"?>
<!DOCTYPE suite SYSTEM "http://testng.org/testng-1.0.dtd">
<suite name="Suite" parallel="tests" thread-count="2">
	<parameter name="url" value="https://google.com" />
	
	<listeners>
		<listener class-name="testNGPack.TestListeners" />
	</listeners>
	
	<test thread-count="5" name="Regression">
		<parameter name="username" value="user1" />
		<groups>
			<run>
				<include name="smoke" />
			</run>
		</groups>
		<classes>
			<class name="testNGPack.WebTest">
				<methods>
					<include name="login" />
				</methods>
			</class>
			<class name="testNGPack.APITest">
				<methods>
					<exclude name="login" />
				</methods>
			</class>
		</classes>
	</test> <!-- Test -->
	<test thread-count="5" name="Smoke">
		<classes>
			<class name="testNGPack.APITest">
				<methods>
					<include name="log.*" />
				</methods>
			</class>
		</classes>
	</test> <!-- Test -->
	<test name="SIT" parallel="classes" thread-count="2">
		<packages>
			<package name="testNGPack" />
		</packages>
		
	</test> <!-- Test -->
</suite> <!-- Suite -->
