<?xml version="1.0" encoding="UTF-8"?>
<!DOCTYPE suite SYSTEM "http://testng.org/testng-1.0.dtd">
<suite name="Suite">
	<test thread-count="5" name="Regression">
		<classes>
			<class name="testNGPack.WebTest">
				<methods>
					<include name="login" />
				</methods>
			</class>
			<class name="testNGPack.APITest">
				<methods>
					<exclude name="login" />
				</methods>
			</class>
		</classes>
	</test> <!-- Test -->
	<test thread-count="5" name="Smoke">
		<classes>
			<class name="testNGPack.APITest">
				<methods>
					<include name="log.*" />
				</methods>
			</class>
		</classes>
	</test> <!-- Test -->
</suite> <!-- Suite -->
